Date,Open,High,Low,IndexClose,VixClose
2017-01-30,2286.01001,2286.01001,2268.040039,2280.899902,11.88
2017-01-31,2274.02002,2279.090088,2267.209961,2278.870117,11.99
2017-02-01,2285.590088,2289.139893,2272.439941,2279.550049,11.81
2017-02-02,2276.689941,2283.969971,2271.649902,2280.850098,11.93
2017-02-03,2288.540039,2298.310059,2287.879883,2297.419922,10.97
2017-02-06,2294.280029,2296.179932,2288.570068,2292.560059,11.37
2017-02-07,2295.870117,2299.399902,2290.159912,2293.080078,11.29
2017-02-08,2289.550049,2295.909912,2285.379883,2294.669922,11.45
2017-02-09,2296.699951,2311.080078,2296.610107,2307.870117,10.88
2017-02-10,2312.27002,2319.22998,2311.100098,2316.100098,10.85
2017-02-13,2321.719971,2331.580078,2321.419922,2328.25,11.07
2017-02-14,2326.120117,2337.580078,2322.169922,2337.580078,10.74
2017-02-15,2335.580078,2351.300049,2334.810059,2349.25,11.97
2017-02-16,2349.639893,2351.310059,2338.870117,2347.219971,11.76
2017-02-17,2343.01001,2351.159912,2339.580078,2351.159912,11.49
2017-02-21,2354.909912,2366.709961,2354.909912,2365.379883,11.57
2017-02-22,2361.110107,2365.129883,2358.340088,2362.820068,11.74
2017-02-23,2367.5,2368.26001,2355.090088,2363.810059,11.71
2017-02-24,2355.72998,2367.340088,2352.870117,2367.340088,11.47
2017-02-27,2365.22998,2371.540039,2361.870117,2369.75,12.09
2017-02-28,2366.080078,2367.790039,2358.959961,2363.639893,12.92
2017-03-01,2380.129883,2400.97998,2380.129883,2395.959961,12.54
2017-03-02,2394.75,2394.75,2380.169922,2381.919922,11.81
2017-03-03,2380.919922,2383.889893,2375.389893,2383.120117,10.96
2017-03-06,2375.22998,2378.800049,2367.97998,2375.310059,11.24
2017-03-07,2370.73999,2375.120117,2365.51001,2368.389893,11.45
2017-03-08,2369.810059,2373.090088,2361.01001,2362.97998,11.86
2017-03-09,2363.48999,2369.080078,2354.540039,2364.870117,12.3
2017-03-10,2372.52002,2376.860107,2363.040039,2372.600098,11.66
2017-03-13,2371.560059,2374.419922,2368.52002,2373.469971,11.35
2017-03-14,2368.550049,2368.550049,2358.179932,2365.449951,12.3
2017-03-15,2370.340088,2390.01001,2368.939941,2385.26001,11.63
2017-03-16,2387.709961,2388.100098,2377.179932,2381.379883,11.21
2017-03-17,2383.709961,2385.709961,2377.639893,2378.25,11.28
2017-03-20,2378.23999,2379.550049,2369.659912,2373.469971,11.34
2017-03-21,2379.320068,2381.929932,2341.899902,2344.02002,12.47
2017-03-22,2343,2351.810059,2336.449951,2348.449951,12.81
2017-03-23,2345.969971,2358.919922,2342.129883,2345.959961,13.12
2017-03-24,2350.419922,2356.219971,2335.73999,2343.97998,12.96
2017-03-27,2329.110107,2344.899902,2322.25,2341.590088,12.5
2017-03-28,2339.790039,2363.780029,2337.629883,2358.570068,11.53
2017-03-29,2356.540039,2363.360107,2352.939941,2361.129883,11.42
2017-03-30,2361.310059,2370.419922,2358.580078,2368.060059,11.54
2017-03-31,2364.820068,2370.350098,2362.600098,2362.719971,12.37
2017-04-03,2362.340088,2365.870117,2344.72998,2358.840088,12.38
2017-04-04,2354.76001,2360.530029,2350.719971,2360.159912,11.79
2017-04-05,2366.590088,2378.360107,2350.52002,2352.949951,12.89
2017-04-06,2353.790039,2364.159912,2348.899902,2357.48999,12.39
2017-04-07,2356.590088,2363.76001,2350.73999,2355.540039,12.87
2017-04-10,2357.159912,2366.370117,2351.5,2357.159912,14.05
2017-04-11,2353.919922,2355.219971,2337.25,2353.780029,15.07
2017-04-12,2352.149902,2352.719971,2341.179932,2344.929932,15.77
2017-04-13,2341.97998,2348.26001,2328.949951,2328.949951,15.96
2017-04-17,2332.620117,2349.139893,2332.51001,2349.01001,14.66
2017-04-18,2342.530029,2348.350098,2334.540039,2342.189941,14.42
2017-04-19,2346.790039,2352.629883,2335.050049,2338.169922,14.93
2017-04-20,2342.689941,2361.370117,2340.909912,2355.840088,14.15
2017-04-21,2354.73999,2356.179932,2344.51001,2348.689941,14.63
2017-04-24,2370.330078,2376.97998,2369.189941,2374.149902,10.84
2017-04-25,2381.51001,2392.47998,2381.149902,2388.610107,10.76
2017-04-26,2388.97998,2398.159912,2386.780029,2387.449951,10.85
2017-04-27,2389.699951,2392.100098,2382.679932,2388.77002,10.36
2017-04-28,2393.679932,2393.679932,2382.360107,2384.199951,10.82
2017-05-01,2388.5,2394.48999,2384.830078,2388.330078,10.11
2017-05-02,2391.050049,2392.929932,2385.820068,2391.169922,10.59
2017-05-03,2386.5,2389.820068,2379.75,2388.129883,10.68
2017-05-04,2389.790039,2391.429932,2380.350098,2389.52002,10.46
2017-05-05,2392.370117,2399.290039,2389.379883,2399.290039,10.57
2017-05-08,2399.939941,2401.360107,2393.919922,2399.379883,9.77
2017-05-09,2401.580078,2403.870117,2392.439941,2396.919922,9.96
2017-05-10,2396.790039,2399.73999,2392.790039,2399.629883,10.21
2017-05-11,2394.840088,2395.719971,2381.73999,2394.439941,10.6
2017-05-12,2392.439941,2392.439941,2387.189941,2390.899902,10.4
2017-05-15,2393.97998,2404.050049,2393.939941,2402.320068,10.42
2017-05-16,2404.550049,2405.77002,2396.050049,2400.669922,10.65
2017-05-17,2382.949951,2384.870117,2356.209961,2357.030029,15.59
2017-05-18,2354.689941,2375.73999,2352.719971,2365.719971,14.66
2017-05-19,2371.370117,2389.060059,2370.429932,2381.72998,12.04
2017-05-22,2387.209961,2395.459961,2386.919922,2394.02002,10.93
2017-05-23,2397.040039,2400.850098,2393.879883,2398.419922,10.72
2017-05-24,2401.409912,2405.580078,2397.98999,2404.389893,10.02
2017-05-25,2409.540039,2418.709961,2408.01001,2415.070068,9.99
2017-05-26,2414.5,2416.679932,2412.199951,2415.820068,9.81
2017-05-30,2411.669922,2415.26001,2409.429932,2412.909912,10.38
2017-05-31,2415.629883,2415.98999,2403.590088,2411.800049,10.41
2017-06-01,2415.649902,2430.060059,2413.540039,2430.060059,9.89
2017-06-02,2431.280029,2440.22998,2427.709961,2439.070068,9.75
2017-06-05,2437.830078,2439.550049,2434.320068,2436.100098,10.07
2017-06-06,2431.919922,2436.209961,2428.120117,2429.330078,10.45
2017-06-07,2432.030029,2435.280029,2424.75,2433.139893,10.39
2017-06-08,2434.27002,2439.27002,2427.939941,2433.790039,10.16
2017-06-09,2436.389893,2446.199951,2415.699951,2431.77002,10.7
2017-06-12,2425.879883,2430.379883,2419.969971,2429.389893,11.46
2017-06-13,2434.149902,2441.48999,2431.280029,2440.350098,10.42
2017-06-14,2443.75,2443.75,2428.340088,2437.919922,10.64
2017-06-15,2424.139893,2433.949951,2418.530029,2432.459961,10.9
2017-06-16,2431.23999,2433.149902,2422.879883,2433.149902,10.38
2017-06-19,2442.550049,2453.820068,2441.790039,2453.459961,10.37
2017-06-20,2450.659912,2450.659912,2436.600098,2437.030029,10.86
2017-06-21,2439.310059,2442.22998,2430.73999,2435.610107,10.75
2017-06-22,2437.399902,2441.620117,2433.27002,2434.5,10.48
2017-06-23,2434.649902,2441.399902,2431.110107,2438.300049,10.02
2017-06-26,2443.320068,2450.419922,2437.030029,2439.070068,9.9
2017-06-27,2436.340088,2440.149902,2419.379883,2419.379883,11.06
2017-06-28,2428.699951,2442.969971,2428.02002,2440.689941,10.03
2017-06-29,2442.379883,2442.72998,2405.699951,2419.699951,11.44
2017-06-30,2429.199951,2432.709961,2421.649902,2423.409912,11.18
2017-07-03,2431.389893,2439.169922,2428.689941,2429.01001,11.22
2017-07-05,2430.780029,2434.899902,2422.050049,2432.540039,11.07
2017-07-06,2423.439941,2424.280029,2407.699951,2409.75,12.54
2017-07-07,2413.52002,2426.919922,2413.52002,2425.179932,11.19
2017-07-10,2424.51001,2432,2422.27002,2427.429932,11.11
2017-07-11,2427.350098,2429.300049,2412.790039,2425.530029,10.89
2017-07-12,2435.75,2445.76001,2435.75,2443.25,10.3
2017-07-13,2444.98999,2449.320068,2441.689941,2447.830078,9.9
2017-07-14,2449.159912,2463.540039,2446.689941,2459.27002,9.51
2017-07-17,2459.5,2462.820068,2457.159912,2459.139893,9.82
2017-07-18,2455.879883,2460.919922,2450.340088,2460.610107,9.89
2017-07-19,2463.850098,2473.830078,2463.850098,2473.830078,9.79
2017-07-20,2475.560059,2477.620117,2468.429932,2473.449951,9.58
2017-07-21,2467.399902,2472.540039,2465.060059,2472.540039,9.36
2017-07-24,2472.040039,2473.100098,2466.320068,2469.909912,9.43
2017-07-25,2477.879883,2481.23999,2474.909912,2477.129883,9.43
2017-07-26,2479.969971,2481.689941,2474.939941,2477.830078,9.6
2017-07-27,2482.76001,2484.040039,2459.929932,2475.419922,10.11
2017-07-28,2469.120117,2473.530029,2464.659912,2472.100098,10.29
2017-07-31,2475.939941,2477.959961,2468.530029,2470.300049,10.26
2017-08-01,2477.100098,2478.51001,2471.139893,2476.350098,10.09
2017-08-02,2480.379883,2480.379883,2466.47998,2477.570068,10.28
2017-08-03,2476.030029,2476.030029,2468.850098,2472.159912,10.44
2017-08-04,2476.879883,2480,2472.080078,2476.830078,10.03
2017-08-07,2477.139893,2480.949951,2475.879883,2480.909912,9.93
2017-08-08,2478.350098,2490.870117,2470.320068,2474.919922,10.96
2017-08-09,2465.350098,2474.409912,2462.080078,2474.02002,11.11
2017-08-10,2465.379883,2465.379883,2437.75,2438.209961,16.040001
2017-08-11,2441.040039,2448.090088,2437.850098,2441.320068,15.51
2017-08-14,2454.959961,2468.219971,2454.959961,2465.840088,12.33
2017-08-15,2468.659912,2468.899902,2461.610107,2464.610107,12.04
2017-08-16,2468.629883,2474.929932,2463.860107,2468.110107,11.74
2017-08-17,2462.949951,2465.02002,2430.01001,2430.01001,15.55
2017-08-18,2427.639893,2440.27002,2420.689941,2425.550049,14.26
2017-08-21,2425.5,2430.580078,2417.350098,2428.370117,13.19
2017-08-22,2433.75,2454.77002,2433.669922,2452.51001,11.35
2017-08-23,2444.879883,2448.909912,2441.419922,2444.040039,12.25
2017-08-24,2447.909912,2450.389893,2436.189941,2438.969971,12.23
2017-08-25,2444.719971,2453.959961,2442.219971,2443.050049,11.28
2017-08-28,2447.350098,2449.120117,2439.030029,2444.23999,11.32
2017-08-29,2431.939941,2449.189941,2428.199951,2446.300049,11.7
2017-08-30,2446.060059,2460.310059,2443.77002,2457.590088,11.22
2017-08-31,2462.649902,2475.01001,2462.649902,2471.649902,10.59
2017-09-01,2474.419922,2480.379883,2473.850098,2476.550049,10.13
2017-09-05,2470.350098,2471.969971,2446.550049,2457.850098,12.23
2017-09-06,2463.830078,2469.639893,2459.199951,2465.540039,11.63
2017-09-07,2468.060059,2468.620117,2460.290039,2465.100098,11.55
2017-09-08,2462.25,2467.110107,2459.399902,2461.429932,12.12
2017-09-11,2474.52002,2488.949951,2474.52002,2488.110107,10.73
2017-09-12,2491.939941,2496.77002,2490.370117,2496.47998,10.58
2017-09-13,2493.889893,2498.370117,2492.139893,2498.370117,10.5
2017-09-14,2494.560059,2498.429932,2491.350098,2495.620117,10.44
2017-09-15,2495.669922,2500.22998,2493.159912,2500.22998,10.17
2017-09-18,2502.51001,2508.320068,2499.919922,2503.870117,10.15
2017-09-19,2506.290039,2507.840088,2503.189941,2506.649902,10.18
2017-09-20,2506.840088,2508.850098,2496.669922,2508.23999,9.78
2017-09-21,2507.159912,2507.159912,2499,2500.600098,9.67
2017-09-22,2497.26001,2503.469971,2496.540039,2502.219971,9.59
2017-09-25,2499.389893,2502.540039,2488.030029,2496.659912,10.21
2017-09-26,2501.040039,2503.51001,2495.120117,2496.840088,10.17
2017-09-27,2503.300049,2511.75,2495.909912,2507.040039,9.87
2017-09-28,2503.409912,2510.810059,2502.929932,2510.060059,9.55
2017-09-29,2509.959961,2519.439941,2507.98999,2519.360107,9.51
2017-10-02,2521.199951,2529.22998,2520.399902,2529.120117,9.45
2017-10-03,2530.340088,2535.129883,2528.850098,2534.580078,9.51
2017-10-04,2533.47998,2540.530029,2531.800049,2537.73999,9.63
2017-10-05,2540.860107,2552.51001,2540.02002,2552.070068,9.19
2017-10-06,2547.439941,2549.409912,2543.790039,2549.330078,9.65
2017-10-09,2551.389893,2551.820068,2541.600098,2544.72998,10.33
2017-10-10,2549.98999,2555.22998,2544.860107,2550.639893,10.08
2017-10-11,2550.620117,2555.23999,2547.949951,2555.23999,9.85
2017-10-12,2552.879883,2555.330078,2548.310059,2550.929932,9.91
2017-10-13,2555.659912,2557.649902,2552.090088,2553.169922,9.61
2017-10-16,2555.570068,2559.469971,2552.639893,2557.639893,9.91
2017-10-17,2557.169922,2559.709961,2554.689941,2559.360107,10.31
2017-10-18,2562.870117,2564.110107,2559.669922,2561.26001,10.07
2017-10-19,2553.389893,2562.360107,2547.919922,2562.100098,10.05
2017-10-20,2567.560059,2575.439941,2567.560059,2575.209961,9.97
2017-10-23,2578.080078,2578.290039,2564.330078,2564.97998,11.07
2017-10-24,2568.659912,2572.179932,2565.580078,2569.129883,11.16
2017-10-25,2566.52002,2567.399902,2544,2557.149902,11.23
2017-10-26,2560.080078,2567.070068,2559.800049,2560.399902,11.3
2017-10-27,2570.26001,2582.97998,2565.939941,2581.070068,9.8
2017-10-30,2577.75,2580.030029,2568.25,2572.830078,10.5
2017-10-31,2575.98999,2578.290039,2572.149902,2575.26001,10.18
2017-11-01,2583.209961,2588.399902,2574.919922,2579.360107,10.2
2017-11-02,2579.459961,2581.110107,2566.169922,2579.850098,9.93
2017-11-03,2581.929932,2588.419922,2576.77002,2587.840088,9.14
2017-11-06,2587.469971,2593.379883,2585.659912,2591.129883,9.4
2017-11-07,2592.110107,2597.02002,2584.350098,2590.639893,9.89
2017-11-08,2588.709961,2595.469971,2585.02002,2594.379883,9.78
2017-11-09,2584,2586.5,2566.330078,2584.620117,10.5
2017-11-10,2580.179932,2583.810059,2575.570068,2582.300049,11.29
2017-11-13,2576.530029,2587.659912,2574.47998,2584.840088,11.5
2017-11-14,2577.75,2579.659912,2566.560059,2578.870117,11.59
2017-11-15,2569.449951,2572.840088,2557.449951,2564.620117,13.13
2017-11-16,2572.949951,2590.090088,2572.949951,2585.639893,11.76
2017-11-17,2582.939941,2583.959961,2577.620117,2578.850098,11.43
2017-11-20,2579.48999,2584.639893,2578.23999,2582.139893,10.65
2017-11-21,2589.169922,2601.189941,2589.169922,2599.030029,9.73
2017-11-22,2600.310059,2600.939941,2595.22998,2597.080078,9.88
2017-11-24,2600.419922,2604.209961,2600.419922,2602.419922,9.67
2017-11-27,2602.659912,2606.409912,2598.870117,2601.419922,9.87
2017-11-28,2605.939941,2627.689941,2605.439941,2627.040039,10.03
2017-11-29,2627.820068,2634.889893,2620.320068,2626.070068,10.7
2017-11-30,2633.929932,2657.73999,2633.929932,2647.580078,11.28
2017-12-01,2645.100098,2650.620117,2605.52002,2642.219971,11.43
2017-12-04,2657.189941,2665.189941,2639.030029,2639.439941,11.68
2017-12-05,2639.780029,2648.719971,2627.72998,2629.570068,11.33
2017-12-06,2626.23999,2634.409912,2624.75,2629.27002,11.02
2017-12-07,2628.379883,2640.98999,2626.530029,2636.97998,10.16
2017-12-08,2646.209961,2651.649902,2644.100098,2651.5,9.58
2017-12-11,2652.189941,2660.330078,2651.469971,2659.98999,9.34
2017-12-12,2661.72998,2669.719971,2659.780029,2664.110107,9.92
2017-12-13,2667.590088,2671.879883,2662.850098,2662.850098,10.18
2017-12-14,2665.870117,2668.090088,2652.01001,2652.01001,10.49
2017-12-15,2660.629883,2679.629883,2659.139893,2675.810059,9.42
2017-12-18,2685.919922,2694.969971,2685.919922,2690.159912,9.53
2017-12-19,2692.709961,2694.439941,2680.73999,2681.469971,10.03
2017-12-20,2688.179932,2691.01001,2676.110107,2679.25,9.72
2017-12-21,2683.02002,2692.639893,2682.399902,2684.570068,9.62
2017-12-22,2684.219971,2685.350098,2678.129883,2683.340088,9.9
2017-12-26,2679.090088,2682.73999,2677.959961,2680.5,10.25
2017-12-27,2682.100098,2685.639893,2678.909912,2682.620117,10.47
2017-12-28,2686.100098,2687.659912,2682.689941,2687.540039,10.18
2017-12-29,2689.149902,2692.120117,2673.610107,2673.610107,11.04
2018-01-02,2683.72998,2695.889893,2682.360107,2695.810059,9.77
2018-01-03,2697.850098,2714.370117,2697.77002,2713.060059,9.15
2018-01-04,2719.310059,2729.290039,2719.070068,2723.98999,9.22
2018-01-05,2731.330078,2743.449951,2727.919922,2743.149902,9.22
2018-01-08,2742.669922,2748.51001,2737.600098,2747.709961,9.52
2018-01-09,2751.149902,2759.139893,2747.860107,2751.290039,10.08
2018-01-10,2745.550049,2750.800049,2736.060059,2748.22998,9.82
2018-01-11,2752.969971,2767.560059,2752.780029,2767.560059,9.88
2018-01-12,2770.179932,2787.850098,2769.639893,2786.23999,10.16
2018-01-16,2798.959961,2807.540039,2768.639893,2776.419922,11.66
2018-01-17,2784.98999,2807.040039,2778.379883,2802.560059,11.91
2018-01-18,2802.399902,2805.830078,2792.560059,2798.030029,12.22
2018-01-19,2802.600098,2810.330078,2798.080078,2810.300049,11.27
2018-01-22,2809.159912,2833.030029,2808.120117,2832.969971,11.03
2018-01-23,2835.050049,2842.23999,2830.590088,2839.129883,11.1
2018-01-24,2845.419922,2852.969971,2824.810059,2837.540039,11.47
2018-01-25,2846.23999,2848.560059,2830.939941,2839.25,11.58
2018-01-26,2847.47998,2872.870117,2846.179932,2872.870117,11.08
2018-01-29,2867.22998,2870.620117,2851.47998,2853.530029,13.84
2018-01-30,2832.73999,2837.75,2818.27002,2822.429932,14.79
2018-01-31,2832.409912,2839.26001,2813.040039,2823.810059,13.54
2018-02-01,2816.449951,2835.959961,2812.699951,2821.97998,13.47
2018-02-02,2808.919922,2808.919922,2759.969971,2762.129883,17.309999
2018-02-05,2741.060059,2763.389893,2638.169922,2648.939941,37.32
2018-02-06,2614.780029,2701.040039,2593.070068,2695.139893,29.98
2018-02-07,2690.949951,2727.669922,2681.330078,2681.659912,27.73
2018-02-08,2685.01001,2685.27002,2580.560059,2581,33.459999
2018-02-09,2601.780029,2638.669922,2532.689941,2619.550049,29.059999
2018-02-12,2636.75,2672.610107,2622.449951,2656,25.610001
2018-02-13,2646.27002,2668.840088,2637.080078,2662.939941,24.969999
2018-02-14,2651.209961,2702.100098,2648.870117,2698.629883,19.26
2018-02-15,2713.459961,2731.51001,2689.820068,2731.199951,19.129999
2018-02-16,2727.139893,2754.419922,2725.110107,2732.219971,19.459999
2018-02-20,2722.98999,2737.600098,2706.76001,2716.26001,20.6
2018-02-21,2720.530029,2747.75,2701.290039,2701.330078,20.02
2018-02-22,2710.419922,2731.26001,2697.77002,2703.959961,18.719999
2018-02-23,2715.800049,2747.76001,2713.73999,2747.300049,16.49
2018-02-26,2757.370117,2780.639893,2753.780029,2779.600098,15.8
2018-02-27,2780.449951,2789.149902,2744.219971,2744.280029,18.59
2018-02-28,2753.780029,2761.52002,2713.540039,2713.830078,19.85
2018-03-01,2715.219971,2730.889893,2659.649902,2677.669922,22.469999
2018-03-02,2658.889893,2696.25,2647.320068,2691.25,19.59
2018-03-05,2681.060059,2728.090088,2675.75,2720.939941,18.73
2018-03-06,2730.179932,2732.080078,2711.26001,2728.120117,18.360001
2018-03-07,2710.179932,2730.600098,2701.73999,2726.800049,17.76
2018-03-08,2732.75,2740.449951,2722.649902,2738.969971,16.540001
2018-03-09,2752.909912,2786.570068,2751.540039,2786.570068,14.64
2018-03-12,2790.540039,2796.97998,2779.26001,2783.02002,15.78
2018-03-13,2792.310059,2801.899902,2758.679932,2765.310059,16.35
2018-03-14,2774.060059,2777.110107,2744.379883,2749.47998,17.23
2018-03-15,2754.27002,2763.030029,2741.469971,2747.330078,16.59
2018-03-16,2750.570068,2761.850098,2749.969971,2752.01001,15.8
2018-03-19,2741.379883,2741.379883,2694.590088,2712.919922,19.02
2018-03-20,2715.050049,2724.219971,2710.050049,2716.939941,18.200001
2018-03-21,2714.98999,2739.139893,2709.790039,2711.929932,17.860001
2018-03-22,2691.360107,2695.679932,2641.590088,2643.689941,23.34
2018-03-23,2646.709961,2657.669922,2585.889893,2588.26001,24.870001
2018-03-26,2619.350098,2661.360107,2601.810059,2658.550049,21.030001
2018-03-27,2667.570068,2674.780029,2596.120117,2612.620117,22.5
2018-03-28,2611.300049,2632.649902,2593.060059,2605,22.870001
2018-03-29,2614.409912,2659.070068,2609.719971,2640.870117,19.969999
2018-04-02,2633.449951,2638.300049,2553.800049,2581.879883,23.620001
2018-04-03,2592.169922,2619.139893,2575.48999,2614.449951,21.1
2018-04-04,2584.040039,2649.860107,2573.610107,2644.689941,20.059999
2018-04-05,2657.360107,2672.080078,2649.580078,2662.840088,18.940001
2018-04-06,2645.820068,2656.879883,2586.27002,2604.469971,21.49
2018-04-09,2617.179932,2653.550049,2610.790039,2613.159912,21.77
2018-04-10,2638.409912,2665.449951,2635.780029,2656.870117,20.469999
2018-04-11,2643.889893,2661.429932,2639.25,2642.189941,20.24
2018-04-12,2653.830078,2674.719971,2653.830078,2663.98999,18.49
2018-04-13,2676.899902,2680.26001,2645.050049,2656.300049,17.41
2018-04-16,2670.100098,2686.48999,2665.159912,2677.840088,16.559999
2018-04-17,2692.73999,2713.340088,2692.050049,2706.389893,15.25
2018-04-18,2710.110107,2717.48999,2703.629883,2708.639893,15.6
2018-04-19,2701.159912,2702.840088,2681.899902,2693.129883,15.96
2018-04-20,2692.560059,2693.939941,2660.610107,2670.139893,16.879999
2018-04-23,2675.399902,2682.860107,2657.98999,2670.290039,16.34
2018-04-24,2680.800049,2683.550049,2617.320068,2634.560059,18.02
2018-04-25,2634.919922,2645.300049,2612.669922,2639.399902,17.84
2018-04-26,2651.649902,2676.47998,2647.159912,2666.939941,16.24
2018-04-27,2675.469971,2677.350098,2659.01001,2669.909912,15.41
2018-04-30,2682.51001,2682.870117,2648.040039,2648.050049,15.93
2018-05-01,2642.959961,2655.27002,2625.409912,2654.800049,15.49
2018-05-02,2654.23999,2660.870117,2631.699951,2635.669922,15.97
2018-05-03,2628.080078,2637.139893,2594.620117,2629.72998,15.9
2018-05-04,2621.449951,2670.929932,2615.320068,2663.419922,14.77
2018-05-07,2680.340088,2683.350098,2664.699951,2672.629883,14.75
2018-05-08,2670.26001,2676.340088,2655.199951,2671.919922,14.71
2018-05-09,2678.120117,2701.27002,2674.139893,2697.790039,13.42
2018-05-10,2705.02002,2726.110107,2704.540039,2723.070068,13.23
2018-05-11,2722.699951,2732.860107,2717.449951,2727.719971,12.65
2018-05-14,2738.469971,2742.100098,2725.469971,2730.129883,12.93
2018-05-15,2718.590088,2718.590088,2701.909912,2711.449951,14.63
2018-05-16,2712.620117,2727.76001,2712.169922,2722.459961,13.42
2018-05-17,2719.709961,2731.959961,2711.360107,2720.129883,13.43
2018-05-18,2717.350098,2719.5,2709.179932,2712.969971,13.42
2018-05-21,2735.389893,2739.189941,2725.699951,2733.01001,13.08
2018-05-22,2738.340088,2742.23999,2721.879883,2724.439941,13.22
2018-05-23,2713.97998,2733.330078,2709.540039,2733.290039,12.58
2018-05-24,2730.939941,2731.969971,2707.379883,2727.76001,12.53
2018-05-25,2723.600098,2727.360107,2714.98999,2721.330078,13.22
2018-05-29,2705.110107,2710.669922,2676.810059,2689.860107,17.02
2018-05-30,2702.429932,2729.340088,2702.429932,2724.01001,14.94
2018-05-31,2720.97998,2722.5,2700.679932,2705.27002,15.43
2018-06-01,2718.699951,2736.929932,2718.699951,2734.620117,13.46
2018-06-04,2741.669922,2749.159912,2740.540039,2746.870117,12.74
2018-06-05,2748.459961,2752.610107,2739.51001,2748.800049,12.4
2018-06-06,2753.25,2772.389893,2748.459961,2772.350098,11.64
2018-06-07,2774.840088,2779.899902,2760.159912,2770.370117,12.13
2018-06-08,2765.840088,2779.389893,2763.590088,2779.030029,12.18
2018-06-11,2780.179932,2790.209961,2780.169922,2782,12.35
2018-06-12,2785.600098,2789.800049,2778.780029,2786.850098,12.34
2018-06-13,2787.939941,2791.469971,2774.649902,2775.629883,12.94
2018-06-14,2783.209961,2789.060059,2776.52002,2782.48999,12.12
2018-06-15,2777.780029,2782.810059,2761.72998,2779.659912,11.98
2018-06-18,2765.790039,2774.98999,2757.120117,2773.75,12.31
2018-06-19,2752.01001,2765.050049,2743.189941,2762.590088,13.35
2018-06-20,2769.72998,2774.860107,2763.909912,2767.320068,12.79
2018-06-21,2769.280029,2769.280029,2744.389893,2749.76001,14.64
2018-06-22,2760.790039,2764.169922,2752.679932,2754.879883,13.77
2018-06-25,2742.939941,2742.939941,2698.669922,2717.070068,17.33
2018-06-26,2722.120117,2732.909912,2715.600098,2723.060059,15.92
2018-06-27,2728.449951,2746.090088,2699.379883,2699.629883,17.91
2018-06-28,2698.689941,2724.340088,2691.98999,2716.310059,16.85
2018-06-29,2727.129883,2743.26001,2718.030029,2718.370117,16.09
2018-07-02,2704.949951,2727.26001,2698.949951,2726.709961,15.6
2018-07-03,2733.27002,2736.580078,2711.159912,2713.219971,16.139999
2018-07-05,2724.189941,2737.830078,2716.02002,2736.610107,14.97
2018-07-06,2737.679932,2764.409912,2733.52002,2759.820068,13.37
2018-07-09,2775.620117,2784.649902,2770.72998,2784.169922,12.69
2018-07-10,2788.560059,2795.580078,2786.23999,2793.840088,12.64
2018-07-11,2779.820068,2785.909912,2770.77002,2774.02002,13.63
2018-07-12,2783.139893,2799.219971,2781.530029,2798.290039,12.58
2018-07-13,2796.929932,2804.530029,2791.689941,2801.310059,12.18
2018-07-16,2797.360107,2801.189941,2793.389893,2798.429932,12.83
2018-07-17,2789.340088,2814.189941,2789.23999,2809.550049,12.06
2018-07-18,2811.350098,2816.76001,2805.889893,2815.620117,12.1
2018-07-19,2809.370117,2812.050049,2799.77002,2804.48999,12.87
2018-07-20,2804.550049,2809.699951,2800.01001,2801.830078,12.86
2018-07-23,2799.169922,2808.610107,2795.139893,2806.97998,12.62
2018-07-24,2820.679932,2829.98999,2811.120117,2820.399902,12.41
2018-07-25,2817.72998,2848.030029,2817.72998,2846.070068,12.29
2018-07-26,2835.48999,2845.570068,2835.26001,2837.439941,12.14
2018-07-27,2842.350098,2843.169922,2808.340088,2818.820068,13.03
2018-07-30,2819,2821.73999,2798.110107,2802.600098,14.26
2018-07-31,2809.72998,2824.459961,2808.060059,2816.290039,12.83
2018-08-01,2821.169922,2825.830078,2805.850098,2813.360107,13.15
2018-08-02,2800.47998,2829.909912,2796.340088,2827.219971,12.19
2018-08-03,2829.620117,2840.379883,2827.370117,2840.350098,11.64
2018-08-06,2840.290039,2853.290039,2835.97998,2850.399902,11.27
2018-08-07,2855.919922,2863.429932,2855.919922,2858.449951,10.93
2018-08-08,2856.790039,2862.439941,2853.090088,2857.699951,10.85
2018-08-09,2857.189941,2862.47998,2851.97998,2853.580078,11.27
2018-08-10,2838.899902,2842.199951,2825.810059,2833.280029,13.16
2018-08-13,2835.459961,2843.399902,2819.879883,2821.929932,14.78
2018-08-14,2827.879883,2843.110107,2826.580078,2839.959961,13.31
2018-08-15,2827.949951,2827.949951,2802.48999,2818.370117,14.64
2018-08-16,2831.439941,2850.48999,2831.439941,2840.689941,13.45
2018-08-17,2838.320068,2855.629883,2833.72998,2850.129883,12.64
2018-08-20,2853.929932,2859.76001,2850.620117,2857.050049,12.49
2018-08-21,2861.51001,2873.22998,2861.320068,2862.959961,12.86
2018-08-22,2860.98999,2867.540039,2856.050049,2861.820068,12.25
2018-08-23,2860.290039,2868.780029,2854.030029,2856.97998,12.41
2018-08-24,2862.350098,2876.159912,2862.350098,2874.689941,11.99
2018-08-27,2884.689941,2898.25,2884.689941,2896.73999,12.16
2018-08-28,2901.449951,2903.77002,2893.5,2897.52002,12.5
2018-08-29,2900.620117,2916.5,2898.399902,2914.040039,12.25
2018-08-30,2908.939941,2912.459961,2895.219971,2901.129883,13.53
2018-08-31,2898.370117,2906.320068,2891.72998,2901.52002,12.86
2018-09-04,2896.959961,2900.179932,2885.129883,2896.719971,13.16
2018-09-05,2891.590088,2894.209961,2876.919922,2888.600098,13.91
2018-09-06,2888.639893,2892.050049,2867.290039,2878.050049,14.65
2018-09-07,2868.26001,2883.810059,2864.120117,2871.679932,14.88
2018-09-10,2881.389893,2886.929932,2875.939941,2877.129883,14.16
2018-09-11,2871.570068,2892.52002,2866.780029,2887.889893,13.22
2018-09-12,2888.290039,2894.649902,2879.199951,2888.919922,13.14
2018-09-13,2896.850098,2906.76001,2896.389893,2904.179932,12.37
2018-09-14,2906.379883,2908.300049,2895.77002,2904.97998,12.07
2018-09-17,2903.830078,2904.649902,2886.159912,2888.800049,13.68
2018-09-18,2890.73999,2911.169922,2890.429932,2904.310059,12.79
2018-09-19,2906.600098,2912.360107,2903.820068,2907.949951,11.75
2018-09-20,2919.72998,2934.800049,2919.72998,2930.75,11.8
2018-09-21,2936.76001,2940.909912,2927.110107,2929.669922,11.68
2018-09-24,2921.830078,2923.790039,2912.629883,2919.370117,12.2
2018-09-25,2921.75,2923.949951,2913.699951,2915.560059,12.42
2018-09-26,2916.97998,2931.149902,2903.280029,2905.969971,12.89
2018-09-27,2911.649902,2927.219971,2909.27002,2914,12.41
2018-09-28,2910.030029,2920.530029,2907.5,2913.97998,12.12
2018-10-01,2926.290039,2937.060059,2917.909912,2924.590088,12
2018-10-02,2923.800049,2931.419922,2919.370117,2923.429932,12.05
2018-10-03,2931.689941,2939.860107,2921.360107,2925.51001,11.61
2018-10-04,2919.350098,2919.780029,2883.919922,2901.610107,14.22
2018-10-05,2902.540039,2909.639893,2869.290039,2885.570068,14.82
2018-10-08,2877.530029,2889.449951,2862.080078,2884.429932,15.69
2018-10-09,2882.51001,2894.830078,2874.27002,2880.340088,15.95
2018-10-10,2873.899902,2874.02002,2784.860107,2785.679932,22.959999
2018-10-11,2776.870117,2795.139893,2710.51001,2728.370117,24.98
2018-10-12,2770.540039,2775.77002,2729.439941,2767.129883,21.309999
2018-10-15,2763.830078,2775.98999,2749.030029,2750.790039,21.299999
2018-10-16,2767.050049,2813.459961,2766.909912,2809.919922,17.620001
2018-10-17,2811.669922,2816.939941,2781.810059,2809.209961,17.4
2018-10-18,2802,2806.040039,2755.179932,2768.780029,20.059999
2018-10-19,2775.659912,2797.77002,2760.27002,2767.780029,19.889999
2018-10-22,2773.939941,2778.939941,2749.219971,2755.879883,19.639999
2018-10-23,2721.030029,2753.590088,2691.429932,2740.689941,20.709999
2018-10-24,2737.870117,2742.590088,2651.889893,2656.100098,25.23
2018-10-25,2674.879883,2722.699951,2667.840088,2705.570068,24.219999
2018-10-26,2667.860107,2692.379883,2628.159912,2658.689941,24.16
2018-10-29,2682.649902,2706.850098,2603.540039,2641.25,24.700001
2018-10-30,2640.679932,2685.429932,2635.340088,2682.629883,23.35
2018-10-31,2705.600098,2736.689941,2705.600098,2711.73999,21.23
2018-11-01,2717.580078,2741.669922,2708.850098,2740.370117,19.34
2018-11-02,2745.449951,2756.550049,2700.439941,2723.060059,19.51
2018-11-05,2726.370117,2744.27002,2717.939941,2738.310059,19.959999
2018-11-06,2738.399902,2756.820068,2737.080078,2755.449951,19.91
2018-11-07,2774.129883,2815.149902,2774.129883,2813.889893,16.360001
2018-11-08,2806.379883,2814.75,2794.98999,2806.830078,16.719999
2018-11-09,2794.100098,2794.100098,2764.23999,2781.01001,17.360001
2018-11-12,2773.929932,2775.98999,2722,2726.219971,20.450001
2018-11-13,2730.050049,2754.600098,2714.97998,2722.179932,20.02
2018-11-14,2737.899902,2746.800049,2685.75,2701.580078,21.25
2018-11-15,2693.52002,2735.379883,2670.75,2730.199951,19.98
2018-11-16,2718.540039,2746.75,2712.159912,2736.27002,18.139999
2018-11-19,2730.73999,2733.159912,2681.090088,2690.72998,20.1
2018-11-20,2654.600098,2669.439941,2631.52002,2641.889893,22.48
2018-11-21,2657.73999,2670.72998,2649.820068,2649.929932,20.799999
2018-11-23,2633.360107,2647.550049,2631.090088,2632.560059,21.52
2018-11-26,2649.969971,2674.350098,2649.969971,2673.449951,18.9
2018-11-27,2663.75,2682.530029,2655.889893,2682.169922,19.02
2018-11-28,2691.449951,2744,2684.379883,2743.790039,18.49
2018-11-29,2736.969971,2753.75,2722.939941,2737.800049,18.790001
2018-11-30,2737.76001,2760.879883,2732.76001,2760.169922,18.07
2018-12-03,2790.5,2800.179932,2773.379883,2790.370117,16.440001
2018-12-04,2782.429932,2785.929932,2697.179932,2700.060059,20.74
2018-12-06,2663.51001,2696.149902,2621.530029,2695.949951,21.190001
2018-12-07,2691.26001,2708.540039,2623.139893,2633.080078,23.23
2018-12-10,2630.860107,2647.51001,2583.22998,2637.719971,22.639999
2018-12-11,2664.439941,2674.350098,2621.300049,2636.780029,21.76
2018-12-12,2658.22998,2685.439941,2650.26001,2651.070068,21.459999
2018-12-13,2658.699951,2670.189941,2637.27002,2650.540039,20.65
2018-12-14,2629.679932,2635.070068,2593.840088,2599.949951,21.629999
2018-12-17,2590.75,2601.129883,2530.540039,2545.939941,24.52
2018-12-18,2559.899902,2573.98999,2528.709961,2546.159912,25.58
2018-12-19,2547.050049,2585.290039,2488.959961,2506.959961,25.58
2018-12-20,2496.77002,2509.629883,2441.179932,2467.419922,28.379999
2018-12-21,2465.379883,2504.409912,2408.550049,2416.620117,30.110001
2018-12-24,2400.560059,2410.340088,2351.100098,2351.100098,36.07
2018-12-26,2363.120117,2467.76001,2346.580078,2467.699951,30.41
2018-12-27,2442.5,2489.100098,2397.939941,2488.830078,29.959999
2018-12-28,2498.77002,2520.27002,2472.889893,2485.73999,28.34
2018-12-31,2498.939941,2509.23999,2482.820068,2506.850098,25.42
2019-01-02,2476.959961,2519.48999,2467.469971,2510.030029,23.219999
2019-01-03,2491.919922,2493.139893,2443.959961,2447.889893,25.450001
2019-01-04,2474.330078,2538.070068,2474.330078,2531.939941,21.379999
2019-01-07,2535.610107,2566.159912,2524.560059,2549.689941,21.4
2019-01-08,2568.110107,2579.820068,2547.560059,2574.409912,20.469999
2019-01-09,2580,2595.320068,2568.889893,2584.959961,19.98
2019-01-10,2573.51001,2597.820068,2562.02002,2596.639893,19.5
2019-01-11,2588.110107,2596.27002,2577.399902,2596.26001,18.190001
2019-01-14,2580.310059,2589.320068,2570.409912,2582.610107,19.07
2019-01-15,2585.100098,2613.080078,2585.100098,2610.300049,18.6
2019-01-16,2614.75,2625.76001,2612.679932,2616.100098,19.040001
2019-01-17,2609.280029,2645.060059,2606.360107,2635.959961,18.059999
2019-01-18,2651.27002,2675.469971,2647.580078,2670.709961,17.799999
2019-01-22,2657.879883,2657.879883,2617.27002,2632.899902,20.799999
2019-01-23,2643.47998,2653.189941,2612.860107,2638.699951,19.52
2019-01-24,2638.840088,2647.199951,2627.01001,2642.330078,18.889999
2019-01-25,2657.439941,2672.379883,2657.330078,2664.76001,17.42
2019-01-28,2644.969971,2644.969971,2624.060059,2643.850098,18.870001
2019-01-29,2644.889893,2650.929932,2631.050049,2640,19.129999
2019-01-30,2653.620117,2690.439941,2648.340088,2681.050049,17.66
2019-01-31,2685.48999,2708.949951,2678.649902,2704.100098,16.57
2019-02-01,2702.320068,2716.659912,2696.879883,2706.530029,16.139999
2019-02-04,2706.48999,2724.98999,2698.75,2724.870117,15.73
2019-02-05,2728.340088,2738.97998,2724.030029,2737.699951,15.57
2019-02-06,2735.050049,2738.080078,2724.149902,2731.610107,15.38
2019-02-07,2717.530029,2719.320068,2687.26001,2706.050049,16.370001
2019-02-08,2692.360107,2708.070068,2681.830078,2707.879883,15.72
2019-02-11,2712.399902,2718.050049,2703.790039,2709.800049,15.97
2019-02-12,2722.610107,2748.189941,2722.610107,2744.72998,15.43
2019-02-13,2750.300049,2761.850098,2748.629883,2753.030029,15.65
2019-02-14,2743.5,2757.899902,2731.22998,2745.72998,16.219999
2019-02-15,2760.23999,2775.659912,2760.23999,2775.600098,14.91
2019-02-19,2769.280029,2787.330078,2767.290039,2779.76001,14.88
2019-02-20,2779.050049,2789.879883,2774.060059,2784.699951,14.02
2019-02-21,2780.23999,2781.580078,2764.550049,2774.879883,14.46
2019-02-22,2780.669922,2794.199951,2779.110107,2792.669922,13.51
2019-02-25,2804.350098,2813.48999,2794.98999,2796.110107,14.85
2019-02-26,2792.360107,2803.120117,2789.469971,2793.899902,15.17
2019-02-27,2787.5,2795.76001,2775.129883,2792.379883,14.7
2019-02-28,2788.110107,2793.72998,2782.51001,2784.48999,14.78
2019-03-01,2798.219971,2808.02002,2787.379883,2803.689941,13.57
2019-03-04,2814.370117,2816.879883,2767.659912,2792.810059,14.63
2019-03-05,2794.409912,2796.439941,2782.969971,2789.649902,14.74
2019-03-06,2790.27002,2790.27002,2768.689941,2771.449951,15.74
2019-03-07,2766.530029,2767.25,2739.090088,2748.929932,16.59
2019-03-08,2730.790039,2744.129883,2722.27002,2743.070068,16.049999
2019-03-11,2747.610107,2784,2747.610107,2783.300049,14.33
2019-03-12,2787.340088,2798.320068,2786.72998,2791.52002,13.77
2019-03-13,2799.780029,2821.23999,2799.780029,2810.919922,13.41
2019-03-14,2810.379883,2815,2803.459961,2808.47998,13.5
2019-03-15,2810.790039,2830.72998,2810.790039,2822.47998,12.88
2019-03-18,2822.610107,2835.409912,2821.98999,2832.939941,13.1
2019-03-19,2840.76001,2852.419922,2823.27002,2832.570068,13.56
2019-03-20,2831.340088,2843.540039,2812.429932,2824.22998,13.91
2019-03-21,2819.719971,2860.310059,2817.379883,2854.879883,13.63
2019-03-22,2844.52002,2846.159912,2800.469971,2800.709961,16.48
2019-03-25,2796.01001,2809.790039,2785.02002,2798.360107,16.33
2019-03-26,2812.659912,2829.870117,2803.98999,2818.459961,14.68
2019-03-27,2819.719971,2825.560059,2787.719971,2805.370117,15.15
2019-03-28,2809.399902,2819.709961,2798.77002,2815.439941,14.43
2019-03-29,2828.27002,2836.030029,2819.22998,2834.399902,13.71
2019-04-01,2848.629883,2869.399902,2848.629883,2867.189941,13.4
2019-04-02,2868.23999,2872.899902,2858.75,2867.23999,13.36
2019-04-03,2876.090088,2885.25,2865.169922,2873.399902,13.74
2019-04-04,2873.98999,2881.280029,2867.139893,2879.389893,13.58
2019-04-05,2884.159912,2893.23999,2882.98999,2892.73999,12.82
2019-04-08,2888.459961,2895.949951,2880.780029,2895.77002,13.18
2019-04-09,2886.580078,2886.879883,2873.330078,2878.199951,14.28
2019-04-10,2881.370117,2889.709961,2879.129883,2888.209961,13.3
2019-04-11,2891.919922,2893.419922,2881.98999,2888.320068,13.02
2019-04-12,2900.860107,2910.540039,2898.370117,2907.409912,12.01
2019-04-15,2908.320068,2909.600098,2896.47998,2905.580078,12.32
2019-04-16,2912.26001,2916.060059,2900.709961,2907.060059,12.18
2019-04-17,2916.040039,2918,2895.449951,2900.449951,12.6
2019-04-18,2904.810059,2908.399902,2891.899902,2905.030029,12.09
2019-04-22,2898.780029,2909.51001,2896.350098,2907.969971,12.42
2019-04-23,2909.98999,2936.310059,2908.530029,2933.679932,12.28
2019-04-24,2934,2936.830078,2926.050049,2927.25,13.14
2019-04-25,2928.98999,2933.100098,2912.840088,2926.169922,13.25
2019-04-26,2925.810059,2939.879883,2917.560059,2939.879883,12.73
2019-04-29,2940.580078,2949.52002,2939.350098,2943.030029,13.11
2019-04-30,2937.139893,2948.219971,2924.110107,2945.830078,13.12
2019-05-01,2952.330078,2954.129883,2923.360107,2923.72998,14.8
2019-05-02,2922.159912,2931.679932,2900.5,2917.52002,14.42
2019-05-03,2929.209961,2947.850098,2929.209961,2945.639893,12.87
2019-05-06,2908.889893,2937.320068,2898.209961,2932.469971,15.44
2019-05-07,2913.030029,2913.030029,2862.600098,2884.050049,19.32
2019-05-08,2879.610107,2897.959961,2873.280029,2879.419922,19.4
2019-05-09,2859.840088,2875.969971,2836.399902,2870.719971,19.1
2019-05-10,2863.100098,2891.310059,2825.389893,2881.399902,16.040001
2019-05-13,2840.189941,2840.189941,2801.429932,2811.870117,20.549999
2019-05-14,2820.120117,2852.540039,2820.120117,2834.409912,18.059999
2019-05-15,2820.379883,2858.679932,2815.080078,2850.959961,16.440001
2019-05-16,2855.800049,2892.149902,2855.800049,2876.320068,15.29
2019-05-17,2858.600098,2885.47998,2854.22998,2859.530029,15.96
2019-05-20,2841.939941,2853.860107,2831.290039,2840.22998,16.309999
2019-05-21,2854.02002,2868.879883,2854.02002,2864.360107,14.95
2019-05-22,2856.060059,2865.469971,2851.110107,2856.27002,14.75
2019-05-23,2836.699951,2836.699951,2805.48999,2822.23999,16.92
2019-05-24,2832.409912,2841.360107,2820.189941,2826.060059,15.85
2019-05-28,2830.030029,2840.51001,2801.580078,2802.389893,17.5
2019-05-29,2790.25,2792.030029,2766.060059,2783.02002,17.9
2019-05-30,2786.939941,2799,2776.73999,2788.860107,17.299999
2019-05-31,2766.149902,2768.97998,2750.52002,2752.060059,18.709999
2019-06-03,2751.530029,2763.070068,2728.810059,2744.449951,18.860001
2019-06-04,2762.639893,2804.48999,2762.639893,2803.27002,16.969999
2019-06-05,2818.090088,2827.280029,2800.919922,2826.149902,16.09
2019-06-06,2828.51001,2852.100098,2822.449951,2843.48999,15.93
2019-06-07,2852.870117,2884.969971,2852.870117,2873.340088,16.299999
2019-06-10,2885.830078,2904.77002,2885.51001,2886.72998,15.94
2019-06-11,2903.27002,2910.610107,2878.530029,2885.719971,15.99
2019-06-12,2882.72998,2888.570068,2874.679932,2879.840088,15.91
2019-06-13,2886.23999,2895.23999,2881.98999,2891.639893,15.82
2019-06-14,2886.820068,2894.449951,2879.620117,2886.97998,15.28
2019-06-17,2889.75,2897.27002,2887.300049,2889.669922,15.35
2019-06-18,2906.709961,2930.790039,2905.439941,2917.75,15.15
2019-06-19,2920.550049,2931.73999,2911.429932,2926.459961,14.33
2019-06-20,2949.600098,2958.060059,2931.5,2954.179932,14.75
2019-06-21,2952.709961,2964.149902,2946.870117,2950.459961,15.4
2019-06-24,2951.419922,2954.919922,2944.050049,2945.350098,15.26
2019-06-25,2945.780029,2946.52002,2916.01001,2917.379883,16.280001
2019-06-26,2926.070068,2932.590088,2912.98999,2913.780029,16.209999
2019-06-27,2919.659912,2929.300049,2918.570068,2924.919922,15.82
2019-06-28,2932.939941,2943.97998,2929.050049,2941.76001,15.08
2019-07-01,2971.409912,2977.929932,2952.219971,2964.330078,14.06
2019-07-02,2964.659912,2973.209961,2955.919922,2973.01001,12.93
2019-07-03,2978.080078,2995.840088,2977.959961,2995.820068,12.57
2019-07-05,2984.25,2994.030029,2967.969971,2990.409912,13.28
2019-07-08,2979.77002,2980.76001,2970.090088,2975.949951,13.96
2019-07-09,2965.52002,2981.899902,2963.439941,2979.629883,14.09
2019-07-10,2989.300049,3002.97998,2984.620117,2993.070068,13.03
2019-07-11,2999.620117,3002.330078,2988.800049,2999.909912,12.93
2019-07-12,3003.360107,3013.919922,3001.870117,3013.77002,12.39
2019-07-15,3017.800049,3017.800049,3008.77002,3014.300049,12.68
2019-07-16,3012.129883,3015.02002,3001.149902,3004.040039,12.86
2019-07-17,3005.100098,3005.26001,2984.25,2984.419922,13.97
2019-07-18,2978.870117,2998.280029,2973.090088,2995.110107,13.53
2019-07-19,3004.26001,3006.02002,2975.860107,2976.610107,14.45
2019-07-22,2981.929932,2990.709961,2976.649902,2985.030029,13.53
2019-07-23,2994.73999,3005.899902,2988.560059,3005.469971,12.61
2019-07-24,2998.77002,3019.590088,2996.820068,3019.560059,12.07
2019-07-25,3016.26001,3016.310059,2997.23999,3003.669922,12.74
2019-07-26,3013.25,3027.97998,3012.590088,3025.860107,12.16
2019-07-29,3024.469971,3025.610107,3014.300049,3020.969971,12.83
2019-07-30,3007.659912,3017.189941,3000.939941,3013.179932,13.94
2019-07-31,3016.219971,3017.399902,2958.080078,2980.379883,16.120001
2019-08-01,2980.320068,3013.590088,2945.22998,2953.560059,17.870001
2019-08-02,2943.899902,2945.5,2914.110107,2932.050049,17.610001
2019-08-05,2898.070068,2898.070068,2822.120117,2844.73999,24.59
2019-08-06,2861.179932,2884.399902,2847.419922,2881.77002,20.17
2019-08-07,2858.649902,2892.169922,2825.709961,2883.97998,19.49
2019-08-08,2896.209961,2938.719971,2894.469971,2938.090088,16.91
2019-08-09,2930.51001,2935.75,2900.149902,2918.649902,17.969999
2019-08-12,2907.070068,2907.580078,2873.139893,2882.699951,21.09
2019-08-13,2880.719971,2943.310059,2877.050049,2926.320068,17.52
2019-08-14,2894.149902,2894.149902,2839.639893,2840.600098,22.1
2019-08-15,2846.199951,2856.669922,2825.51001,2847.600098,21.18
2019-08-16,2864.73999,2893.629883,2864.73999,2888.679932,18.469999
2019-08-19,2913.47998,2931,2913.47998,2923.649902,16.879999
2019-08-20,2919.01001,2923.629883,2899.600098,2900.51001,17.5
2019-08-21,2922.040039,2928.72998,2917.909912,2924.429932,15.8
2019-08-22,2930.939941,2939.080078,2904.51001,2922.949951,16.68
2019-08-23,2911.070068,2927.01001,2834.969971,2847.110107,19.870001
2019-08-26,2866.699951,2879.27002,2856,2878.379883,19.32
2019-08-27,2893.139893,2898.790039,2860.590088,2869.159912,20.309999
2019-08-28,2861.280029,2890.030029,2853.050049,2887.939941,19.35
2019-08-29,2910.370117,2930.5,2905.669922,2924.580078,17.879999
2019-08-30,2937.090088,2940.429932,2913.320068,2926.459961,18.98
2019-09-03,2909.01001,2914.389893,2891.850098,2906.27002,19.66
2019-09-04,2924.669922,2938.840088,2921.860107,2937.780029,17.33
2019-09-05,2960.600098,2985.860107,2960.600098,2976,16.27
2019-09-06,2980.330078,2985.030029,2972.51001,2978.709961,15
2019-09-09,2988.429932,2989.429932,2969.389893,2978.429932,15.27
2019-09-10,2971.01001,2979.389893,2957.01001,2979.389893,15.2
2019-09-11,2981.409912,3000.929932,2975.310059,3000.929932,14.61
2019-09-12,3009.080078,3020.73999,3000.919922,3009.570068,14.22
2019-09-13,3012.209961,3017.330078,3002.899902,3007.389893,13.74
2019-09-16,2996.409912,3002.189941,2990.669922,2997.959961,14.67
2019-09-17,2995.669922,3006.209961,2993.72998,3005.699951,14.44
2019-09-18,3001.5,3007.830078,2978.570068,3006.72998,13.95
2019-09-19,3010.360107,3021.98999,3003.159912,3006.790039,14.05
2019-09-20,3008.419922,3016.370117,2984.679932,2992.070068,15.32
2019-09-23,2983.5,2999.149902,2982.22998,2991.780029,14.91
2019-09-24,3002.429932,3007.97998,2957.72998,2966.600098,17.049999
2019-09-25,2968.350098,2989.820068,2952.860107,2984.870117,15.96
2019-09-26,2985.72998,2987.280029,2963.709961,2977.620117,16.07
2019-09-27,2985.469971,2987.310059,2945.530029,2961.790039,17.219999
2019-09-30,2967.070068,2983.850098,2967.070068,2976.73999,16.24
2019-10-01,2983.689941,2992.530029,2938.699951,2940.25,18.559999
2019-10-02,2924.780029,2924.780029,2874.929932,2887.610107,20.559999
2019-10-03,2885.379883,2911.129883,2855.939941,2910.629883,19.120001
2019-10-04,2918.560059,2953.73999,2918.560059,2952.01001,17.040001
2019-10-07,2944.22998,2959.75,2935.679932,2938.790039,17.860001
2019-10-08,2920.399902,2925.469971,2892.659912,2893.060059,20.280001
2019-10-09,2911.100098,2929.320068,2907.409912,2919.399902,18.639999
2019-10-10,2918.550049,2948.459961,2917.120117,2938.129883,17.57
2019-10-11,2963.070068,2993.280029,2963.070068,2970.27002,15.58
2019-10-14,2965.810059,2972.840088,2962.939941,2966.149902,14.57
2019-10-15,2973.610107,3003.280029,2973.610107,2995.679932,13.54
2019-10-16,2989.679932,2997.540039,2985.199951,2989.689941,13.68
2019-10-17,3000.77002,3008.290039,2991.790039,2997.949951,13.79
2019-10-18,2996.840088,3000,2976.310059,2986.199951,14.25
2019-10-21,2996.47998,3007.330078,2995.350098,3006.719971,14
2019-10-22,3010.72998,3014.570068,2995.040039,2995.98999,14.46
2019-10-23,2994.01001,3004.780029,2991.209961,3004.52002,14.01
2019-10-24,3014.780029,3016.070068,3000.419922,3010.290039,13.71
2019-10-25,3003.320068,3027.389893,3001.939941,3022.550049,12.65
2019-10-28,3032.120117,3044.080078,3032.120117,3039.419922,13.11
2019-10-29,3035.389893,3047.870117,3034.810059,3036.889893,13.2
2019-10-30,3039.73999,3050.100098,3025.959961,3046.77002,12.33
2019-10-31,3046.899902,3046.899902,3023.189941,3037.560059,13.22
2019-11-01,3050.719971,3066.949951,3050.719971,3066.909912,12.3
2019-11-04,3078.959961,3085.199951,3074.870117,3078.27002,12.83
2019-11-05,3080.800049,3083.949951,3072.149902,3074.620117,13.1
2019-11-06,3075.100098,3078.340088,3065.889893,3076.780029,12.62
2019-11-07,3087.02002,3097.77002,3080.22998,3085.179932,12.73
2019-11-08,3081.25,3093.090088,3073.580078,3093.080078,12.07
2019-11-11,3080.330078,3088.330078,3075.820068,3087.01001,12.69
2019-11-12,3089.280029,3102.610107,3084.72998,3091.840088,12.68
2019-11-13,3084.179932,3098.060059,3078.800049,3094.040039,13
2019-11-14,3090.75,3098.199951,3083.26001,3096.629883,13.05
2019-11-15,3107.919922,3120.459961,3104.600098,3120.459961,12.05
2019-11-18,3117.909912,3124.169922,3112.060059,3122.030029,12.46
2019-11-19,3127.449951,3127.639893,3113.469971,3120.179932,12.86
2019-11-20,3114.659912,3118.969971,3091.409912,3108.459961,12.78
2019-11-21,3108.48999,3110.110107,3094.550049,3103.540039,13.13
2019-11-22,3111.409912,3112.870117,3099.26001,3110.290039,12.34
2019-11-25,3117.439941,3133.830078,3117.439941,3133.639893,11.87
2019-11-26,3134.850098,3142.689941,3131,3140.52002,11.54
2019-11-27,3145.48999,3154.26001,3143.409912,3153.629883,11.75
2019-11-29,3147.179932,3150.300049,3139.340088,3140.97998,12.62
2019-12-02,3143.850098,3144.310059,3110.780029,3113.870117,14.91
2019-12-03,3087.409912,3094.969971,3070.330078,3093.199951,15.96
2019-12-04,3103.5,3119.379883,3102.530029,3112.76001,14.8
2019-12-05,3119.209961,3119.449951,3103.76001,3117.429932,14.52
2019-12-06,3134.620117,3150.600098,3134.620117,3145.909912,13.62
2019-12-09,3141.860107,3148.870117,3135.459961,3135.959961,15.86
2019-12-10,3135.360107,3142.120117,3126.090088,3132.52002,15.68
2019-12-11,3135.75,3143.97998,3133.209961,3141.629883,14.99
2019-12-12,3141.22998,3176.280029,3138.469971,3168.570068,13.94
2019-12-13,3166.649902,3182.679932,3156.51001,3168.800049,12.63
2019-12-16,3183.629883,3197.709961,3183.629883,3191.449951,12.14
2019-12-17,3195.399902,3198.219971,3191.030029,3192.52002,12.29
2019-12-18,3195.209961,3198.47998,3191.139893,3191.139893,12.58
2019-12-19,3192.320068,3205.47998,3192.320068,3205.370117,12.5
2019-12-20,3223.330078,3225.649902,3216.030029,3221.219971,12.51
2019-12-23,3226.050049,3227.780029,3222.300049,3224.01001,12.61
2019-12-24,3225.449951,3226.429932,3220.51001,3223.379883,12.67
2019-12-26,3227.199951,3240.080078,3227.199951,3239.909912,12.65
2019-12-27,3247.22998,3247.929932,3234.370117,3240.02002,13.43
2019-12-30,3240.090088,3240.919922,3216.570068,3221.290039,14.82
2019-12-31,3215.179932,3231.719971,3212.030029,3230.780029,13.78
2020-01-02,3244.669922,3258.139893,3235.530029,3257.850098,12.47
2020-01-03,3226.360107,3246.149902,3222.340088,3234.850098,14.02
2020-01-06,3217.550049,3246.840088,3214.639893,3246.280029,13.85
2020-01-07,3241.860107,3244.909912,3232.429932,3237.179932,13.79
2020-01-08,3238.590088,3267.070068,3236.669922,3253.050049,13.45
2020-01-09,3266.030029,3275.580078,3263.669922,3274.699951,12.54
2020-01-10,3281.810059,3282.98999,3260.860107,3265.350098,12.56
2020-01-13,3271.129883,3288.129883,3268.429932,3288.129883,12.32
2020-01-14,3285.350098,3294.25,3277.189941,3283.149902,12.39
2020-01-15,3282.27002,3298.659912,3280.689941,3289.290039,12.42
2020-01-16,3302.969971,3317.110107,3302.820068,3316.810059,12.32
2020-01-17,3323.659912,3329.879883,3318.860107,3329.620117,12.1
2020-01-21,3321.030029,3329.790039,3316.610107,3320.790039,12.85
2020-01-22,3330.02002,3337.77002,3320.040039,3321.75,12.91
